no,nama_perusahaan,kelurahan,alamat,jenis_usaha,jml_karyawan,thn_berdiri
1,TOKO ABC,KEBON JERUK,Jl. Dulatif No. 68,Jualan Kain,3 org,2011
2,TOKO MAJU JAYA,NA,Pasar Baru Lt.Dasar Blok E No. 9,Jualan Sepatu,2 org,2012
3,TOKO ARIES,NA,Pasar Baru Kios C-02,Jualan Boneka dan Taplak Meja,4 org,2013
4,TOKO RENGGANIS BATIK,NA,Pasar Baru,Pakaian Jadi,2 org,2012
5,TOKO TRESNA,NA,Pasar Baru Blok C No. 72,Pakaian Jadi,2 org,2010
6,TOKO ALBEL JAYA,NA,Pasar Baru Blok F No. 68,Kerudung,2 org,2013
7,TOKO MAJU JAYA,NA,Pasar Baru Lt.III Blok P3 A No.3-5,Kain,2 org,2011
8,MIKHA COLLECTION,NA,Pasar Baru Lt.D1 Blok G No.11,Mukena,3 org,2009
9,TOKO ANUGERAH,NA,Jl. Mayor Sunarya No. 4,Kain,2 org,2008
10,TOKO HASIAN COLLECTION,NA,Pasar Baru Lt.I Blok E No.1,Pakaian Jadi,2 org,2007
11,BATIK AHMAD,NA,Pasar Baru Lt.I Blok A2 No.32-33,Jualan Batik,2 org,2010
12,FS. COMP,NA,Jl. Saritem No. 87,Spare part komp & Pakian,2 org,2011
13,TOKO AL- MADINAH,NA,Pasar Baru Lt.Dasar I Blok M No.16,Grosir &Eceran Pakian Muslim,2 org,2012
14,TOKO ABADI,NA,Jl. Kebon Jati No 2,Bahan Makanan,2 org,2008
15,TOKO ANEKA KUE,NA,Jl. Belakang Pasr No. 19,Jualan Kue,2 org,2013
16,ADB,NA,Jl. R. Adibrata No. 110,Jasa Tata Boga,2 org,2011
17,TOKO BATIK &TAS,NA,Pasar Baru Lt.Dasar 2 Blok D No.28,Jualan Batik & Tas,2 org,2008
18,M'G COLLECTION,NA,Pasar Baru Lt.V Blok C No.45,Pakaian Jadi,2 org,2011
19,TOKO PUTRI ASOKA,NA,Jl. Pasar Barat No. 3,Pakaian Jadi & Kain,2 org,2012
20,HONEY,BE,NA,Pasar Baru Lt.4 Blok.A2 No.65,Pakian Bayi,2 org
21,PUTRA MANDIRI CATERING,NA,Jl. R. Adibrata No.24/8 B,Catering,4 org,2013
22,TOKO REJEKI JAYA,NA,Jl Fahruroji No. 17 B,Kain,2 org,2013
23,GALA HARMONIA,NA,Pasar Baru Lt.6 Blok.D No.28,Makanan Sunda,4 org,2013
24,TOKO LOSO GLOSIR,NA,Pasar Baru Lt.I Blok.D No.25,Pakaian Jadi,2 org,2013
25,TUJUH TEXSTILE,NA,Jl. Ence Azis No. 8,Eceran texstil,3 org,2009
26,VIOR HOME ACCESSORIES,NA,Ruko Hyper Square Blok C No.18,Accessories,2 org,2013
27,TOKO CITASARI,NA,Jl. Pasar Selatan No. 17,Texstil,2 org,2013
28,BERKAT LESTARI,NA,Jl. Dulatif Kav.b -10,Dagang Barang,3 org,2013
29,TOKO DWI PUTRI,NA,Pasar Baru Lt.5 Blok.B2 No.10,Pakaian Jadi,2 org,2013
30,SHARON BAKERI,NA,Ruko Hyper Square Blok.A No.51,Restoran,4 org,2013
31,SEA FOOD MAS,NA,Jl. Kelenteng No. 22,Makanan Laut,4 org,2013
32,NICHOLA'S HEALTTY KITCHEN,NA,Ruko Hyper Square Blok D No.66-67,Jual Makanan,12 org,2011
33,TOKO FELICIA,NA,Jl. Kebon Jati No. 138,Perdagngan,3 org,2013
34,NEW BY MORITE,NA,Jl. Kebon jati No. 41 Kav 35 Komp.Luxor,Losmen,5 org,2008
35,PD. SARI,NA,Jl. Bbk Stasion No.43/7 B,Eceran Beras,11 org,2009
36,ARMY JEANS,NA,Jl. Kencana No. 4,Jualan Kain Jeans,1 org,2009
37,BANDAR GANTUNGAN,NA,Jl. Kebonjati No. 27,makanan,3 org,2012
38,TOKO OPTIK MODREN,NA,Jl. Gardujati No. 34,Perdagangan,6 org,2012
39,PONDOK SAHAYA,NA,Jl. Kebon Jati No. 22 Kav. 6,Pondokan,4 org,2012
40,JAYA TEX II,NA,Jl. Dulatip No. 12,Jualan Kain Jeans,3 org,2012
41,TOKO MAKMUR JAYA,NA,Jl. Pasar Selatan No. 20,Jual Obat-obatan,2 org,2012
42,DEWI MAKMUR,NA,Jl. Dulatip No. 93,Toko dan Penginapan,3 org,2012
43,SABRINA,NA,Pasar Baru Lt. IV Blok A2 No. 72,Jualan Pakaian,2 org,2012
44,GHF JAYA,NA,Pasar Baru,Jualan Pakaian,2 org,2012
45,TEMMY JAYA,NA,Pasar Baru Lt. III Blok A1 No. 81,Jualan Pakian Jadi,2 org,2012
46,KLINIK MELATI,NA,Jl. Dulatip No. 16,Kilinik Praktek Dokter,2 org,2012
47,ALIEN SOH,NA,Jl. Durman No. 24,Rumah Makan,4 org,2012
48,MEGA FLOWER,NA,Jl. Oto Iskandardinata No. 70,Jualan Kerang Hias,2 org,2012
49,TOKO RAJA,NA,Jl. Dulatip No. 6,Niaga,3 org,2012
50,DUA SAUDARA,NA,Jl. Belakang Pasar 41,Alat-alat rumah tangga,3 org,2010
51,TOKO SINAR ANUGERAH,NA,Jl. Oto Iskandardinata No. 96,Pakaian Jadi,2 org,2012
52,LIDOVICUS,NA,Jl. Ence Azis No. 40,Ayam Goreng,4 org,2012
53,KEDATON,NA,Jl. Belakang Pasar No. 75/ 10 A,Pembuatan Keripik Singkong,2 org,2012
54,GARDEN BAKERY,NA,Jl. Pasirkaliki No. 25-27,Perdagangan ROTI dan Kue,3 org,2012
55,PLANET GAYA,NA,Pasar Baru Lt. II Blok A2 No. 16,Jualan Perhiasan Mas,2 org,2012
56,GUDANG BATIK,NA,Jl. Oto Iskandardinata No. 130,Penjualan Batik,2 org,2012
57,TOKO ROBBY PUTRA SHOES,NA,Pasar Baru Lt. III Blok E2 No. 18,Perdagangan Sepatu dan Sandal,2 org,2012
58,RELIC STASION,NA,Jl. Stasion Timur No. 12,Jualan Kain,2 org,2012
59,APOTEK GRAHA LABORA,NA,Jl. Kebon Jati No. 87,Farmasi,2 org,2012
60,WEDANG RONDE,NA,Jl. Gardu jati52,Warung Nasi,2 org,2011
61,GAME COORNER,NA,Jl. Gardu Jati No. 46,Rental Game,2 org,2012
62,MAKLON RAJUT,NA,Jl. Jend. Sudirman No. 280,Rajut,2 org,2012
63,SINAR LAKSINDO,NA,Gg. Warsa No. 16,Printing,2 org,2012
64,IDAYAH,NA,Pasar Baru Lt. I Blok E No. 2,Jualan Pakaian Jadi,2 org,2012
65,TOKO ABC,NA,Jl. Dulatif No. 68,Jualan Kain,3 org,2011
66,TOKO MAJU JAYA,NA,Pasar Baru Lt.Dasar Blok E No. 9,Jualan Sepatu,2 org,2012
67,TOKO ARIES,NA,Pasar Baru Kios C-02,Jualan Boneka dan Taplak Meja,4 org,2013
68,TOKO RENGGANIS BATIK,NA,Pasar Baru,Pakaian Jadi,2 org,2012
69,TOKO TRESNA,NA,Pasar Baru Blok C No. 72,Pakaian Jadi,2 org,2010
70,TOKO ALBEL JAYA,NA,Pasar Baru Blok F No. 68,Kerudung,2 org,2013
71,TOKO MAJU JAYA,NA,Pasar Baru Lt.III Blok P3 A No.3-5,Kain,2 org,2011
72,MIKHA COLLECTION,NA,Pasar Baru Lt.D1 Blok G No.11,Mukena,3 org,2009
73,TOKO ANUGERAH,NA,Jl. Mayor Sunarya No. 4,Kain,2 org,2008
74,TOKO HASIAN COLLECTION,NA,Pasar Baru Lt.I Blok E No.1,Pakaian Jadi,2 org,2007
75,BATIK AHMAD,NA,Pasar Baru Lt.I Blok A2 No.32-33,Jualan Batik,2 org,2010
76,FS. COMP,NA,Jl. Saritem No. 87,Spare part komp & Pakian,2 org,2011
77,TOKO AL- MADINAH,NA,Pasar Baru Lt.Dasar I Blok M No.16,Grosir &Eceran Pakian Muslim,2 org,2012
78,TOKO ABADI,NA,Jl. Kebon Jati No 2,Bahan Makanan,2 org,2008
79,TOKO ANEKA KUE,NA,Jl. Belakang Pasr No. 19,Jualan Kue,2 org,2013
80,ADB,NA,Jl. R. Adibrata No. 110,Jasa Tata Boga,2 org,2011
81,TOKO BATIK &TAS,NA,Pasar Baru Lt.Dasar 2 Blok D No.28,Jualan Batik & Tas,2 org,2008
82,M'G COLLECTION,NA,Pasar Baru Lt.V Blok C No.45,Pakaian Jadi,2 org,2011
83,TOKO PUTRI ASOKA,NA,Jl. Pasar Barat No. 3,Pakaian Jadi & Kain,2 org,2012
84,HONEY,BE,NA,Pasar Baru Lt.4 Blok.A2 No.65,Pakian Bayi,2 org
85,PUTRA MANDIRI CATERING,NA,Jl. R. Adibrata No.24/8 B,Catering,4 org,2013
86,TOKO REJEKI JAYA,NA,Jl Fahruroji No. 17 B,Kain,2 org,2013
87,GALA HARMONIA,NA,Pasar Baru Lt.6 Blok.D No.28,Makanan Sunda,4 org,2013
88,YOKOTEL,NA,Jl. Kebon Jati No 19-19A Kebon Jeruk,Hotel,4 Orang,NA
89,TOKO SINAR MAS,NA,Jl. Babatan  64  Kebon Jeruk,Perdagangan,Jasa dan Maklon Potong Kertas,4 Orang
90,PT. SEBASTIAN CITRA INDONESIA,NA,Jl. Oto Iskandar  No. 70 Blok M1 No B31 Bandung,F N B ( Food  dan Beverge ),5 Orang,NA
91,PT. MULTI KARYA RAJAWALI,NA,Halteu Selatan I No. 598B RT.01/03 Dunguscariang,Perdagangan dan Jasa,3 Orang,NA
92,PT. SUKSES MANDIRI GEMILANG,NA,Paskal Hyper Squere A-35 Jl. Pasir Kalilki   No 25-27 Bdg,Jasa Konsultasi Bisnis Dan Management,11 orang,NA
93,PT. EGI RUKUN SEJAHTERA,NA,Jl. Kebon Jati No 27 A bandung,Kantor Perdagangan Umum dan Jasa,4 Orang,NA
94,SUMA JAYA GAS,NA,Rajawali Timur No 187 RT.08/07,Agen GAS,2 Orang,NA
95,PT. SAVBIEN TAILORING TRANDING,NA,Jl. Durman No 23-24 Bandung,Pakaian Jadi,5  Orang,NA
96,PT. MITRA ANDALAN SURYA,NA,Jl. Dulatif No 68 Bandung,Perdagangan Perindustrian dan Jasa,2  Orang,NA
NA,NA,MALEBER,NA,NA,NA,NA
97,PT.MITRA MULYA SUKSES,NA,JL.MALEBER BARAT NO.12 RT.03/03,GUDANG KERAMIK,12 0RANG,NA
98,YAYASAN PENDIDIKAN TARUMA NEGARA,NA,JL.MALEBER UTARA NO.7 RT.05/06,PENDIDIKAN SD SWASTA,NA,NA
99,SERIKAT RAKYAT MISKIN INDONESIA,NA,JL.RAJAWALI NO.181/187B RT.04/11,SOSIAL,12 ORANG,NA
100,SERIKAT RAKYAT MISKIN INDONESIA,NA,JL.RAJAWALI NO.181/187B RT.04/11,SOSIAL,12 ORANG,NA
101,CV.DEA PRATAMA,NA,JL.MOCH.FATTAH I NO.09 RT.01/10,PERDAGANGAN BARANG,NA,NA
102,CV.DEA PRATAMA,NA,JL.MOCH.FATTAH I NO.09 RT.01/10,PERDAGANGAN BARANG,NA,NA
103,CV.DEA PRIMA,NA,JL.MOCH.FATTAH I NO.09 RT.01/10,PERDAGANGAN BARANG,NA,NA
104,CV.FREEFLOW ART MEDIA,NA,JL.DADALI NO.35 RT.01/09,JASA KONSULTAN,9 ORANG,NA
105,MARANTINA,NA,JL.MALEBER UTARA RT.04/08,DAGANG ES,NA,NA
106,CV.ARLISA,NA,JL.MALEBER UTARA NO.114/187B RT.07/06,JASA&PERDAGANGAN UMUM,NA,NA
107,CV.KARYA GUNA MANDIRI,NA,JL.BURUNG TUNGKU NO.08 RT.03/09,JASA&PERDAGANGAN UMUM,5 ORANG,NA
108,BKM RAJAWALI,NA,JL.MALEBER INPRES I NO.97 RT.05/03,SIMPAN PINJAM,7 ORANG,NA
109,TEKNIK ELEKTRONIKA & KOMPUTER,NA,JL.MALEBER BARAT GG.WIBAWA 09 NO.06 RT.1/6,JASA&PERDAGANGAN UMUM,10 ORANG,NA
110,CV.VIKTORY INTI SEJATI,NA,JL.MALEBER BARAT RT.01/06 BLK NO.103/11A,JASA&PERDAGANGAN UMUM,3 ORANG,NA
111,CV.RAJAWALI MANDIRI,NA,JL.RAJAWALI BARAT NO.25 RT.02/02,WARNET/RENTAL MOBIL,5 ORANG,NA
112,CV.HANJAYA,NA,JL.PINGUIN NO.07 RT.01/08,JASA&PERDAGANGAN UMUM,5 ORANG,NA
113,PT.TOP UNGGUL LESTARI,NA,JL.WAMBI NO.07 RT.01/09,JASA/PENGELOLAAN GUDANG,NA,NA
114,APOTIK,NA,JL.RAJAWALI BARAT NO.89 B RT.05/09,JUAL BELI OBAT,3 0RANG,NA
115,MONTTIT LIS BAKERY,NA,JL.RAJAWALI BARAT NO.89B RT.05/09,JUAL ROTI,6 ORANG,NA
116,DWI KARYA TEHNIK,NA,JL.MALEBER INPRES  NO.371 RT.01/04,JASA&PERDAGANGAN UMUM,NA,NA
117,NA,NA,JL.RAJAWALI BARAT NO.17 RT.01/02,PENYIMPANAN BARANG,NA,NA
118,CV.MITRA ASIH SEJAHTERA INDONESIA,NA,JL.MALEBER INPRES I NO.19 RT.07/04,JASA&PERDAGANGAN UMUM,40 ORANG,NA
119,CAHAYA MAKMUR,NA,JL.KASWARI NO.11,KONVEKSI SARUNG,NA,NA
120,PT.MASCOTINDO JAYA ABADI,NA,JL.MALEBER BARAT NO.77 BANDUNG,KONVEKSI PAKAIAN JADI,750 ORANG,NA
121,PT.TIKI JALUR NUGRAHA EKAKURIR,NA,JL.RAJAWALI BARAT NO.77 RT.05/09,JASA&PERDAGANGAN UMUM,NA,NA
122,Toko Klontongan,NA,Jl. Rajawali Barat no.27,Klontongan,4 Orang,NA
123,Porquet Kayu,NA,Jl. Rajawali Barat,NA,NA,NA
124,Helm,NA,Jl. Rajawali Barat,Toko Helm,5 Orang,NA
125,Marak lama,NA,Gg.M.Fatah II RT 02 /10,Eceran LPG 3 Kg,5 orang,NA
126,Isma Collection,NA,Gg.M.Fatah II RT 01 /10,Boutique,3 Orang,NA
127,PT Meiji,NA,Jln Burung Tungku,jual obat,25 orang,2010
128,PT JUNGER,NA,Jln Kasuari,Distributor obat,25 orang,1999
129,Limas Raga Inti,NA,Jl.Rajawali Barat Rt 05 RW 01,Gas LPG dan oli,15 Orang,NA
130,CV SURYA SAKTI,NA,Jln. Jendr.Sudirman  RT 03 RW 01,Dealer Mitsubishi,100 orang,NA
131,CV Kerta Mulia,NA,Jl.Maleber Barat  RT 02 RW 03,Keramik,20 orang,NA
132,CV KMT,NA,Jln Maleber Barat Rt 02 RW 03,Plastik,50 Orang,NA
133,CV Penta Vallent,NA,Jln Maleber Barat RT 02 RW 03,Farmasi,10 Orang,NA
134,PT Mascottindo Jaya Abadi,NA,Jln Maleber Barat RT 04 RW 04,Garment,150 Orang,NA
135,KONVEKSI,NA,Jln Sejahtera Raya RT 02 RW 05,NA,25 Orang,NA
136,KONVEKSI,NA,Jln Pelita Karya Raya RT 03 RW 05,NA,5 Orang,NA
137,CV Hendrik Caterring,NA,Jln Srigunting Rw 01 RW 08,Makanan,30 Orang,NA
138,GUDANG KARDUS TANTI,NA,Jln. Jendr.Sudirman  RT 02 RW 10,Limbah,30 0rang,NA
139,GUDANG KARDUS MINSEN,NA,Jln. Jendr.Sudirman  RT 02 RW 11,Limbah,30 0rang,NA
140,CV Bintang Tujuh,NA,Jln.Jendr Sudirman  RT 02 Rw 11,Daur Ulang Plastik,50 orang,NA
141,CV POLA CATTERING,NA,Jln. Elang No 27 RT 03 Rw 11,Makanan,50 Orang,NA
142,PT Pertamina,NA,Jln Rajawali Barat RT 04 RW 11,Minyak bumi,30 Orang,NA
143,PT BPR,NA,Jln Jendr.Sudirman RT 02 RW 11,Perputaran Uang,30 Orang,NA
144,CV Bintang Terang,NA,Jln Jendr Sudirman Rt 01 RW 11,Pembubutan Onderdil,15 Orang,NA
145,NA,NA,Jl.Elang VII Rt 01/10,Warung sembako,2 orang,NA
146,NA,NA,Jl.Jend Sudirman  RT 02/10,Warung klontong,2 orang,NA
147,NA,NA,GG. M. Fatah I RT. 01/10,Warung klontong,2 orang,NA
148,NA,NA,GG. M. Fatah I RT. 01/10,Warung  Sembako,2 orang,NA
149,NA,NA,Jl. Ters. Elang IX RT.05/10,Warung  Nasi,2 orang,NA
150,NA,NA,GG. M. Fatah I RT. 01/10,Makanan Instan,2 orang,NA
151,NA,NA,GG. M. Fatah II RT. 02/10,Warung klontong,2 orang,NA
152,NA,NA,GG. M. Fatah II RT. 02/10,Warung  Makanan,2 orang,NA
153,NA,NA,GG. M. Fatah II RT. 02/10,Warung  Makanan,2 orang,NA
154,NA,NA,GG. M. Fatah II RT. 02/10,Warung  Makanan,2 orang,NA
155,NA,NA,GG. M. Fatah II RT. 02/10,Pempek,2 orang,NA
156,NA,NA,GG. M. Fatah II RT. 02/10,Surabi,1 orang,NA
157,NA,NA,GG. M. Fatah I RT. 01/10,Lotek,1 orang,NA
158,NA,NA,GG. M. Fatah I RT. 01/10,Warung  Makanan,3 orang,NA
159,NA,NA,GG. Cikahuripan RT.03/10,Warung  Makanan,3 orang,NA
160,NA,NA,GG. Cikahuripan RT.03/10,Warung  Makanan,3 orang,NA
161,NA,NA,GG. Cikahuripan RT.03/10,Warung  Makanan,3 orang,NA
162,NA,NA,Jl. Elang VII RT.04/10,Jual Air Bersih,3 orang,NA
163,NA,NA,GG. M. Fatah II RT. 02/10,Basreng,Seblak,2 orang
164,NA,NA,GG. M. Fatah II RT. 02/10,Lotek,2 orang,NA
165,NA,NA,GG. M. Fatah II RT. 02/10,Jual Makanan,2 orang,NA
166,NA,NA,Jl. Elang VII RT.02/10,Kios Rokok,2 orang,NA
167,CV. TOTAL IMAGINE,NA,Jl. Elang  VII Belakang  No 11 RT.04/10 Maleber,Konveksi,4 Orang,NA
168,JAYA AGUNG,NA,JL. Rajawali  Barat No.35 RT.03/02 Maleber,Dagang ( Sepeda Anak ),2 Orang,NA
169,CV. DIC'A SELARAS,NA,Maltra  Residen  Kav. A.4 Ruko 1  RT.02 RW. 07  Kelurahan Maleber Kec. Andir,Perdagangan Umum dan Jasa,5 Orang,NA
NA,NA,CAMPAKA,NA,NA,NA,NA
170,CV. Mecopro Teknik,NA,Gg. Bp.Ohe RT.02/05,Tower konstruksi,8,2001
171,Cv. Maju Lestari,NA,Jl.Katalina Raya 9,Garmen kaos,12,2007
172,Cv. Citra Sentosa,NA,Bojong Koneng RT.03/06,Perdagangan,jasa,2
173,CV.Cahaya Abadi,NA,Jl. Paledang RT.06/02,bengkel bubut,5,2008
174,Cv.Panghegar Putra Mandiri,NA,Jl.Raya Cibeureum 60 Rt. 05/04,Perdagangan,4,2008
175,Prim Saudara Mandiri,NA,Jl.Katalina no1A RT.01/03,Perdagangan,jasa,5
176,Toko Bangunan Albiner,NA,Jl.Cimindi 180 RT.06/05,Perdagangan umum,3,2008
177,Cv.Lingga Kencana,NA,Jl.Paledang RT.05/02,Perdagangan,3,2009
178,Toko Aneka Baut,NA,Jl. Ry Cibeureum 112 Rt. 01/05,Perdagangan,4,2009
179,PT.Rayraka Dinasty,NA,Paledang 163 RT.03/02,Kontraktor,perdagangan,4
180,Toko Kurnia Intan,NA,Jl.Cimindi 103 RT.05/06,Perdagangan,5,1999
181,PD.Daya Logam,NA,Jl.Raya Cibeureum 18 Rt. 01/01,Perdagangan,3,2011
182,Klinik Dewi Fortuna,NA,Jl.Raya Cibeureum 114 Rt. 01/05,Pelayanan kesehatan,4,2004
183,CV.Kurnia Hikmat Putra,NA,Bbk.Cibeureum 30 Rt. 02/01,Jasa Angkutan barang,4,2009
184,NA,NA,Jl.Raya Cibeureum  Rt. 02/05,Bengkel motor,3,2012
185,Cv. Pron Inc,NA,Jl. Paledang 76 RT.01/02,Disain Graphis,3,2012
186,CV.Ardan   Teknik,NA,Jl. Paledang 76 RT.01/02,Jasa,perdagangan,4
187,CV.Ridzki Ramdhan,NA,Jl.Raya Cibeureum Rt. 01/01,Perdagangan dan jasa,3,1994
188,Hikmat Teknik,NA,Paledang 42A RT.01/02,Bengkel bubut,3,2012
189,CV.Citra Sejati Utama,NA,Jl.Paledang 297 RT.05/02,Perdag umum dan Angk wisata,3,2011
190,CV.Medsuco,NA,Jl.Mega Asri C.6 RT.06/07,perdagangan umum,3,2013
191,CV. Samijaya,NA,Jl. Paledang 12  RT.01/02,perdagangan,Pabrik Plastik,15
192,Galeri 16,NA,Jl.Raya Cibeureum 16 Rt. 01/01,Galeri bambu,5,2000
193,CV.Moa Hayati Mandiri,NA,Jl.Saptamarga no.10A Rt. 05 Rw. 04,Ktr peternakan Kelinci,3,2013
194,PT.Inti Mitra Cipta Karya,NA,Perum My Home RT.03/07,Perdagangan,jasa,3
195,CV. Putra Setia,NA,Babakan Cianjur RT.04/07,Perdagangan,3,2002
196,CV. Gusty Putra Sentosa,NA,Komplek Bio Farma 23 Rt. 06/ 07,Perdagangan,jasa,4
197,PT.Situ Bolon Lestari,NA,Jl.Raya Cibeureum 44 Rt. 01/02,Perdagangan,jasa,3
198,PT.Cipta Adiyasa,NA,Jl.Katalina III/4 RT.03/01,General computer,3,2013
199,CV.Anugrah Sadang,NA,Jl.Raya Cimindi 86 Rt. 01/05,Perdagangan,jasa,3
200,NA,NA,Bbk.Cibeureum 88 Rt. 02/01,Industri tepung agar-agar,5,1989
201,GTS,NA,Bbk.Cibeureum 88 Rt. 02/01,Perdagangan,jasa,10
202,Ekman,NA,Bojong Koneng Rt.05/06,Produksi tas,3,2000
203,Pd. Bintang Baru,NA,Jl.Cimindi RT.06/05,Gudang hasil bumi,3,2000
204,Pt Angkutan Jaya,NA,Jl.Cimindi RT.06/05,Jasa Angkutan barang,30,2003
205,NA,NA,Jl.Cimindi RT.06/05,Gudang kain,2,2005
206,PD. Sartika,NA,Jl. Paledang 346 RT.05/02,mebelair,5,1972
207,Jaya Usaha Lestari,NA,Jl. Paledang 285 A Rt. 04/02,konveksi,8,1993
208,NA,NA,Jl. Paledang  RT.04/02,konveksi,4,2005
209,Avis Garment,NA,Jl. Paledang  RT.04/02,konveksi,5,2005
210,Anugrah Jaya,NA,Jl. Paledang 380 RT.06/02,konveksi,4,2009
211,NA,NA,Bbk Cibeureum RT.03/01,konveksi,6,2000
212,NA,NA,Bbk. Cibeureum RT.02/01,konveksi,15,1997
213,NA,NA,Bbk. Cibeureum RT.03/01,konveksi,3,2000
214,NA,NA,Bbk. Cibeureum RT.03/01,konveksi,4,2000
215,NA,NA,Asrama kipal RT.05/04,konveksi kerudung,12,2007
216,NA,NA,Babakan Cianjur RT.05/07,percetakan,sablon,2
217,Manna Konvection,NA,Asrama kipal RT.05/04,konveksi,4,2008
218,NA,NA,Jl. Paledang  RT.04/02,Bordir,4,2008
219,NA,NA,Jl. Paledang  RT.05/02,Bordir,10,2007
220,Enggal Jaya,NA,Jl.Raya Cimindi RT.02/05,Perdagangan onderdil,4,2004
221,Cimahi Almunium,NA,Jl.Ry Cimindi 112 RT.01/05,Etalase,rak almunium,4
222,CV Gerald Putra Perkasa,NA,Paledang 26 RT.01/02,sepatu,3,1996
223,NA,NA,Paledang RT.01/02,sepatu,3,2006
224,SK. Setia Karya,NA,Paledang 177 RT.03/02,Sikat tekstile,2,1997
225,Cv.Dinasty Adiraka,NA,Paledang 163 RT.03/02,Instalasi listrik,4,1990
226,Bintang Mas,NA,Jl. Raya Cimindi 168 Rt. 06/05,konveksi,20,2004
227,Raflesia,NA,Bojong Koneng no.35 Rt. 04/06,produksi tas,19,2009
228,Bima Setia,NA,Gg.Bp.Ohe RT.04/05,oven,12,1990
229,Bima Darma,NA,Jl.Raya Cimindi 98 Rt. 01/01,oven,loyang,buleng
230,Surya,NA,Cimindi Utara RT.02/05,oven gas,3,2000
231,Bima Ekspres,NA,Cimindi Utara RT.01/05,oven,3,1991
232,Bima Setia,NA,Cimindi Utara RT.01/05,oven,5,1995
233,Bima Indah,NA,Cimindi Utara RT.01/05,oven,asbak,4
234,NA,NA,Cimindi Utara RT.01/05,oven,asbak,plat no
235,Bima Satria,NA,Bojong Koneng RT.04/06,Oven,3,1979
236,Columbus,NA,Babakan Cianjur RT.02/07,oven,citel,katel
237,NA,NA,Asrama Kipal RT.05/04,oven dan buleng,2,1991
238,Galunggung,NA,Bbk.Cianjur 60 RT.05/07,krupuk,7,1991
239,Tempe Soy,NA,Bbk.  Cianjur  RT.06/07,tempe,mendoan,6
240,Excellent World,NA,Jl.Paledang 297B Rt. 05/02,Handle pintu,3,2011
241,Class Product,NA,RT.05/02,NA,NA,NA
242,NA,NA,Babakan Hegar RT.03/03,Mur sangkar burung,7,2012
243,NA,NA,Bbk. Cibeureum RT.06/01,Pindang ikan,4,1990
244,NA,NA,Bbk. Cibeureum RT.03/01,Rangginang,2,2000
245,An'nisa,NA,Bbk. Cianjur 81 RT.01/07,Roti,kue,5
246,NS,NA,Paledang RT.04/02,Telur asin,3,1985
247,NA,NA,Babakan Cianjur RT.03/07,Krupuk kulit sapi,3,2003
248,Karya Asih,NA,Babakan Cianjur RT.06/07,Pindang Presto,2,2012
249,Imel/Inka,NA,Babakan Cianjur RT.03/07,Roti kacang/bapia,4,2002
250,NA,NA,Jl.Raya Cibeureum Rt. 01/05,Kue basah,roti,5
251,NA,NA,Sapta Marga RT.02/04,Kue basah,2,2000
252,Toez Gallery,NA,Jl.Katalina I RT.01/03,Asesoris dari bahan aqrilik,15,2012
253,Depot Isi Ulang Ulfa,NA,Gg.Bp.Ohe 146 RT.05/05,Air Isi ulang dan jualan gas,3,2012
254,Depot isi ulang,NA,Bbk.Cianjur RT.02/07,Air Isi ulang,2,2007
255,NA,NA,Bbk.Cianjur RT.05/02,pangkalan gas,2,2007
256,PT.BABUN DJAYA ASIA,DUNGUSCARIANG,JL.NURTANIO 63,USAHA PERDAGANGAN,10 ORANG,2000
257,PT. GRITITH ANUGRAH,NA,JL.NURTANIO 63,PENGOLAHAN AYAM DAN MAKANAN,4 ORANG,NA
258,LAKBAN,NA,JL.NURTANIO,LAKBAN,10 ORANG,NA
259,MULTI BERKAH PANGAN,NA,JL.NURTANIO  41,DISTRIBUTOR SAOS DAN KACANG,8 ORANG,NA
260,PT.DAM KARYA CAFE PRIMA,NA,JL.GARUDA NO.39 RT07/RW03,CAFE,5 ORANG,2014
261,PT.SURGA ENERGI NUSANTARA,NA,JL.NURTANIO NO.51 RT09/02,PERDAGANGAN UMUM,8 ORANG,2013
262,AA PLASTIK,NA,JL.NURTANIO,NA,100 ORANG,NA
263,PT.KIKKODIDAT INDONESIA,NA,JL.GARUDA NO.15,PERDAGANGAN DAN JASA,10 ORANG,NA
264,DEPO SEGAR,NA,JL.RAJAWALI TIMUR 320 A,PERDAGANGAN,6 ORANG,NA
265,CV.BUANA PRATAYASA PROSPERINDO,NA,JL.RAJAWALI TIMUR 121,PERDAGANGAN UMUM DAN TEKSTIL,7 ORANG,2010
266,PT BENTOEL,NA,JL.RAJAWALI TIMUR 170,DISTRIBUTOR UTAMA,5 ORANG,2012
267,CV.AUTOGRAID,NA,JL.RAJAWALI TIMUR 168,PERDAGANGAN DAN JASA,20 ORANG,NA
268,SUMAJAYA GAS,NA,JL.RAJAWALI TIMUR 187 RT09/07,AGEN GAS,2 ORANG,NA
"269,PT.RAJAWALI SAKTI MEDIKA MANDIRI,,J;.RAJAWALI SAKTI PERMAI RT08/01,PERDAGANGAN DAN JASA,20 ORANG,",NA,NA,NA,NA,NA,NA
270,PT. GITA PERSADA,NA,JL.RAJAWALI SAKTI NO.35,PERCETAKAN,8 ORANG,2011
271,PD TALI SANDANG,NA,JL.CIROYOM  RT 05/11,TALI SEPATU,NA,NA
272,PATA METAL,NA,JL.CIROYOM  RT 05/11,PLAT,STENLES,NA
273,PB.ABADI,NA,JL.CIROYOM 117,MATERIAL,4 ORANG,NA
274,PT.INTI SAKKA MANDIRI,NA,JL.CIROYOM GG.IKHLAS 32/77,PERDAGANGAN DAN JASA,4 ORANG,2002
275,CV RIZKI PUTRA,NA,JL.ANDIR 121/77 RT01/10,PERDAGANGAN DAN JASA,2 ORANG,2013
276,SAMANAN SUMAJAYA,NA,JL.SUDIRMAN 600,RAJUT,7 ORANG,NA
277,CV SUBER ABADI SENTOSA,NA,JL.SUDIRMAN564,GROSIR ROKOK,3 ORANG,2014
278,PT.MESAT INDO GLOBAL,NA,JL.JEND SUDIRMAN 624,PERDAGANGAN BARANG JASA,3 oRANG,2014
279,CV.INPIRA VENTURA,NA,JL.JEND SUDIRMAN 520,JUAL BELI  PAKAIAN JADI,3 ORANG,NA
280,PT MULTI DAYA TEKNOLOGI NUSANTARA,NA,JL.JEND SUDIRMAN NO.594,JASA PERDAGANGAN UMUM TEKNOLOGI,5 ORANG,NA
281,PT.TUNGGAL KAHURIPAN,NA,JL.JEND SUDIRMAN NO.570,INDUSTRI MAKANAN,100 ORANG,1962
282,CV,STH SEVICE,NA,JL.SUDIRMAN 546 RT01/08,PELAYANAN/JASA PENGELOLAAN STH,16 ORANG
283,CD.TAMBAN DANU CIPTA MANDIRI,NA,JL.HALTEU UTARA 37 RT07/02,PERDAGANGAN DAN JASA,51 ORANG,2013
284,CV.DANU MAS APPARET,NA,JL.HALTEU SELATAN 14/76,PERDAGANGAN UMUN DAN TEKSTIL,10 ORANG,2010
285,CV.UNI ENGINERING,NA,JL,HALTEU SELATAN I NO.59,PERDAGANGAN BARANG JASA,2 ORANG
286,PT.MULTI KARYA RAJAWALI,NA,JL. HALTEU SELATAN I NO.59,PERDAGANGAN DAN JASA,3 ORANG,2014
287,PD.DUNIA BINTANG,NA,JL. HALTEU SELATAN I NO.66,PERDAGANGAN ELEKTRONIK.ALAT RUMAH TANGGA DAN LISTRIK,3 ORANG,NA
288,CV.SANTOSA,NA,JL.ANDIR GG KBN SAWO RT01/10,GUDANG BAN,25 ORANG,NA
289,SANTO PLASTIK,NA,JL.CIROYOM  RT02/10,PLASTIK,75 ORANG,NA
290,PT.LOGAM FATA JAYA,NA,JL.CIROYOM 125/77,BENGKEL POTONG/TEKUNG PLAT,45 ORANG,NA
291,CV.SINAR DINAMIKA NIAGATAMA,NA,JL.HALTEU UTARA NO 19,PERDAGANGAN UMUM,3 ORANG,NA
292,CV.SINAR  RAJAWALI,NA,JL.RAJAWALI SAKTI NO.1 RT08/01,PERDAGANGAN,JASA.PENDISTRIBUSIAN,5 ORANG
293,FAJAR UTAMA ELEKTRONIK,NA,JL.HALTEU UTARA O3/01,BENGKEL ELEKTRONIK,1 ORANG,NA
294,PT.JUJUR PARAMARTA,NA,JL.JEND.SUDIRMAN 560,PENYALURAN BAHAN BAKAR,5 ORANG,NA
295,DEPO SEGAR,NA,JL.RAJAWALI TIMUR 320 A,PERDAGANGAN,6 ORANG,NA
296,CV.BUANA PRATAYASA PROSPERINDO,NA,JL.RAJAWALI TIMUR 121,PERDAGANGAN UMUM DAN TEKSTIL,7 ORANG,2010
297,CV.AUTOGRAID,NA,JL.RAJAWALI TIMUR 168,PERDAGANGAN DAN JASA,20 ORANG,NA
298,SUMAJAYA GAS,NA,JL.RAJAWALI TIMUR 187 RT09/07,AGEN GAS,2 ORANG,NA
299,PD TALI SANDANG,NA,JL.CIROYOM  RT 05/11,TALI SEPATU,NA,NA
300,PB.ABADI,NA,JL.CIROYOM 117,MATERIAL,4 ORANG,NA
301,CV RIZKI PUTRA,NA,JL.ANDIR 121/77 RT01/10,PERDAGANGAN DAN JASA,2 ORANG,2013
302,SAMANAN SUMAJAYA,NA,JL.SUDIRMAN 600,RAJUT,7 ORANG,NA
303,CV SUBER ABADI SENTOSA,NA,JL.SUDIRMAN564,GROSIR ROKOK,3 ORANG,2014
304,CV.INPIRA VENTURA,NA,JL.JEND SUDIRMAN 520,JUAL BELI  PAKAIAN JADI,3 ORANG,NA
305,CV,STH SEVICE,NA,JL.SUDIRMAN 546 RT01/08,PELAYANAN/JASA PENGELOLAAN STH,16 ORANG
306,CD.TAMBAN DANU CIPTA MANDIRI,NA,JL.HALTEU UTARA 37 RT07/02,PERDAGANGAN DAN JASA,51 ORANG,2013
307,CV.DANU MAS APPARET,NA,JL.HALTEU SELATAN 14/76,PERDAGANGAN UMUN DAN TEKSTIL,10 ORANG,2010
308,CV.UNI ENGINERING,NA,JL,HALTEU SELATAN I NO.59,PERDAGANGAN BARANG JASA,2 ORANG
309,PD.DUNIA BINTANG,NA,JL. HALTEU SELATAN I NO.66,PERDAGANGAN ELEKTRONIK.ALAT RUMAH TANGGA DAN LISTRIK,3 ORANG,NA
310,CV.SANTOSA,NA,JL.ANDIR GG KBN SAWO RT01/10,GUDANG BAN,25 ORANG,NA
311,CV.SINAR DINAMIKA NIAGATAMA,NA,JL.HALTEU UTARA NO 19,PERDAGANGAN UMUM,3 ORANG,NA
312,CV.SINAR  RAJAWALI,NA,JL.RAJAWALI SAKTI NO.1 RT08/01,PERDAGANGAN,JASA.PENDISTRIBUSIAN,5 ORANG
313,FAJAR UTAMA ELEKTRONIK,NA,JL.HALTEU UTARA O3/01,BENGKEL ELEKTRONIK,1 ORANG,NA
314,NA,NA,JL.HALTEU UTARA RT/03/RW.01,TAS SEKOLAH,NA,2005
315,NA,NA,JL.HALTEU UTARS RT05/RW01,JAS HUJAN,NA,1998
316,NA,NA,JL.HALTEU UTARA RT.05/RW01,PEMBUATAN JAS HUJAN,2 ORANG,1994
317,NA,NA,JL.HALTEU UTARA RT.05/RW.01,INSTRUMEN ELEKTRIK,3 ORANG,2008
318,NA,NA,JL.HALTEU UTARA RT.05/RW.01,PEMBUATAN FILTER,30 ORANG,1994
319,NA,NA,JL.HALTEU UTARA RT.05/RW.01,ES KRIM,5 ORANG,1990
320,NA,NA,JL.HALTEU UTARA RT.04/RW.01,KONVEKSI JEAN,5 ORANG,1990
321,NA,NA,JL.HALTEU UTARA RT.04/RW02,KUE BASAH,NA,2000
322,NA,NA,JL.HALTEU UTARA RT.07/RW.01,JAMU,NA,1984
323,NA,NA,JL.HALTEU UTARA RT.10/RW.02,JAKET,5 ORANG,1998
324,NA,NA,JL.HALTEU UTARA RT.06/RW02,TALIKUR,NA,1997
325,NA,NA,JL.HALTEU UTARA RT02/RW02,KREASI BATIK,2 O RANG,2012
326,NA,NA,JL.HALTEU UTARA RT.11/RW.02,KUE BASAH,NA,2000
327,NA,NA,JL.HALTEU UTARA RT.07/RW.02,KUE BASAH,NA,2000
328,NA,NA,JL.HALTEU UTARA RT.03/RW.02,KONVEKSI,3 ORANG,1996
329,NA,NA,JL.HALTEU UTARA RT.03/02,JAKET,3 ORANG,1990
330,NA,NA,JL.HALTEU UTARA RT,07/RW02,KRIPIK SINGKONG,2 ORANG
331,NA,NA,JL.HALTEU UTARA RT01/RW.02,BASO SAPI,NA,1990
332,NA,NA,JL.HALTEU UTARA RT07/RW02,BASO SAPI,NA,1995
333,NA,NA,JL.HALTEU UTARA RT04/RW.02.,BASO SAPI,NA,1990
334,NA,NA,JL.HALTEU UTARA RT06/RW02,BENGKEL SEPEDA UNIK,BENGKEL SEPEDA UNIK,2000
335,NA,NA,JL.HALTEU UTARA RT.02/RW02,PEMBUATAN TEMPE,NA,1984
336,PN. 43,NA,JL.DUNGUSCARIANG RT.06/RW.04,SANDAL,2 ORANG,1990
337,NA,NA,JL.DUNGUSCARIANG RT.06/RE04,BATAGOR,NA,1995
338,NA,NA,JL.DUNGUSCARIANG RT.06/RW04,JAKET,10 ORANG,2000
339,NA,NA,JL.DUNGUSCARIANG RT.04/RW.04,JOK MOTOR,2 ORANG,2004
340,NA,NA,JL.DUNGUSCARIANG RT03/RW.05,JAMU,NA,1994
341,NA,NA,JL.DUNGUSCARIANG RT01/RW.05,BASO SAPI,NA,1995
342,NA,NA,JL.DUNGUSCARIANG RT.04/RW05,JAKET,3 ORANG,1996
343,PASUTRI,NA,JL.DUNGUSCARIANG RT.10/RW.04,KRIPIK SINGKONG,NA,2010
344,NA,NA,JL.DUNGUSCARIANG RT.01/RW05,BASO SAPI/IKAN,NA,2000
345,NA,NA,JL.DUNGUSCARIANG RT.03/RW.05,BATAGOR,NA,1999
346,NA,NA,JL.DUNGUSCARIANG RT.07/RW.05,PERCETAKAN,NA,2001
347,NA,NA,JL.DUNGUSCARIANG RT.03/RW05,BAWANG GORENG,NA,1990
348,AREMA,NA,RA.BARNAS RT.04/RW.06,BASO SAPI,5 ORANG,1995
349,NA,NA,RA.BARNAS RT.02/RW.06,KONVEKSI  KAOS,NA,1996
350,NA,NA,RA.BARNAS RT.05/RW.06,KAOS,NA,2000
351,NA,NA,RA.BARNAS RT.04/RW.06,BATAGOR,NA,2000
352,NA,NA,RA.BARNAS RT.04/RW.06,MPEK-MPEK,NA,2001
353,NA,NA,RA.BARNAS RT.04/RW.06,RANGINANG,NA,2002
354,NA,NA,RA.BARNAS RT.02/RW.06,PINDANG,NA,2004
355,NA,NA,JL.DUNGUSCARIANG RT.07/RW.07,KONVEKSI,3 ORANG,2002
356,NA,NA,JL.DUNGUSCARIANG RT.05/RW.07,ASSESORIS RUMAH TANGGA,3 ORANG,1995
357,NA,NA,JL.DUNGUSCARIANG RT.02/RW.07,GESPER,10 ORANG,1992
358,NA,NA,JL.DUNGUSCARIANG RT.02/RW.07,ASSESORIS PLASTIK,1 ORANG,1999
359,NA,NA,JL.DUNGUSCARIANG RT.02/RW.07,ASSESORIS PLASTIK,10 ORANG,1990
360,NA,NA,JL.DUNGUSCARIANG RT.05/RW.07,ASSESORIS BAJU,NA,2014
361,NA,NA,RI.WINATA RT.03/RW.08,ROTI,NA,NA
362,NA,NA,RI.WINATTA RT04/RW08,KUE BASAH,NA,2000
363,NA,NA,RI.WINATTA RT04/RW08,KUE BASAH,NA,2000
364,NA,NA,RI.WINATA RT.03/RW.08,ROTI,20 ORANG,NA
365,NA,NA,RI.WINATA RT.07/RW.08,ROTI,NA,2000
366,NA,NA,RAJAWALI TIMUR RT03/RW09,TAS,3 ORANG,2001
367,NA,NA,JL.KEBON SAWO RT03/RW.10,TAS,1 ORANG,1990
368,NA,NA,JL.KEBON SAWO RT03/RW.10,TAS,2 ORANG,1995
369,NA,NA,JL.KEBON SAWO RT03/RW.10,TAS,E ORANG,2000
370,NA,NA,JL.KEBON SAWO RT03/RW.10,TAS,2 ORANG,1994
371,NA,NA,JL.KEBON SAWO,BAKSO,2 ORANG,1990
372,NA,NA,JL.KEBON SAWO RT.05/RW10,BASO SAPI,NA,2001
373,NA,NA,JL.KEBON SAWO RT.03/RW.10,BATADOR,NA,2004
374,NA,NA,JL.KEBON SAWO RT.03/RW.10,PINDANG,NA,1986
375,NA,NA,JL.KEBON SAWO RT.03/RW.10,PINDANG,NA,1998
376,NA,NA,JL.KEBON SAWO RT.03/RW.10,TAS,NA,2000
377,NA,NA,JL.KEBON SAWO RT.03/RW.10,MPEK-MPEK,NA,1990
378,NA,NA,JL.KEBON SAWO RT03/RW.10,TAS,2 ORANG,1990
379,NA,NA,JL.HALTEU UTARA RT.06/RW.11,BASO TAHU,NA,2000
380,NA,NA,JL.CIROYOM RT08/11,KONVEKSI KAOS,3 ORANG,1998
381,NA,NA,JL.CIROYOM RT03/11,SURABI,NA,2000
382,NA,NA,JL.CIROYOM RT03/11,BASO,NA,2003
383,NA,NA,JL.CIROYOM RT03/11,BASO,NA,2001
384,NA,NA,JL.CIROYOM RT03/11,TAHU GEJROT,NA,2004
385,NA,NA,JL.CIROYOM RT03/11,DONAT,NA,2005
386,NA,NA,JL.CIROYOM RT02/11,BASO TAHU,NA,1996
387,NA,NA,JL.CIROYOM RT01/11,SISTIK,NA,2004
388,NA,NA,JL.CIROYOM RT07/11,BOLU,NA,2006
389,NA,NA,JL.CIROYOM RT08/11,PISANG HIJO,NA,2009
390,NA,NA,JL.HALTEU UTARA RT02/RW01,SEMBAKO,NA,2000
391,NA,NA,JL.HALTEU UTARA RT044/RW01,SEMBAKO,NA,1998
392,NA,NA,JL.HALTEU UTARA RT03/RW01,SEMBAKO,NA,1995
393,NA,NA,JL.HALTEU UTARA RT04/RW01,SEMBAKO,NA,2000
394,NA,NA,JL.HALTEU UTARA RT04/RW01,SEMBAKO,NA,1998
395,NA,NA,JL.HALTEU UTARA RT06/RW01,SEMBAKO,NA,1997
396,NA,NA,JL.HALTEU UTARA RT06/RW01,SEMBAKO,NA,1999
397,NA,NA,JL.HALTEU UTARA RT07/RW01,SEMBAKO,NA,2000
398,NA,NA,JL.HALTEU UTARA RT08/RW01,SEMBAKO,NA,1998
399,NA,NA,JL.HALTEU UTARA RT03/RW01,SEMBAKO,NA,2000
400,NA,NA,JL.HALTEU UTARA RT03/RW01,SEMBAKO,NA,2001
401,BASO TEGA LEGA,NA,JL.CIROYOM RT01/RW.02,WARUNG BASO,NA,2002
402,TOKO NANI,NA,JL.CIROYOM RT01/RW.02,TOKO KUE,NA,200
403,TOKO PUTRA JAYA,NA,JL.CIROYOM RT01/RW.02,SEMBAKO,NA,2004
404,TOKO NANJUNG,NA,JL.CIROYOM RT01/RW.02,SEMBAKO,NA,2000
405,TOKO LAKSANA JAYA,NA,JL.CIROYOM RT01/RW.02,TOKO  BESI,NA,2000
406,TOKO NOVA,NA,JL.HALTEU UTARA RT03/RW01,SEMBAKO,NA,2000
407,NA,NA,JL.HALTEU UTARA RT06/RW01,SEMBAKO,NA,2001
408,NA,NA,JL.HALTEU SELATAN RT.01/03,SEMBAKO,NA,1983
409,NA,NA,JL.HALTEU SELATAN RT.01/03,SEMBAKO,NA,2013
410,NA,NA,JL.HALTEU SELATAN RT.02/03,SEMBAKO,NA,2013
411,NA,NA,JL.HALTEU SELATAN RT.03/03,SEMBAKO,NA,1995
412,NA,NA,JL.HALTEU SELATAN RT.04/03,SEMBAKO,NA,2000
413,NA,NA,JL.HALTEU SELATAN RT.04/03,SEMBAKO,NA,2012
414,TOKO BESI HS,NA,JL.HALTEU SELATAN RT.05/03,TOKO BESI,NA,1990
415,NA,NA,JL.HALTEU SELATAN RT.05/03,SEMBAKO,NA,1994
416,TOKO SEPATU BAIM,NA,JL.HALTEU SELATAN RT.05/03,TOKO SEPATU,2 ORANG,1998
417,NA,NA,JL.DUNGUSCARIANG RT.06/04,SEMBAKO,1.0RANG,2000
418,NA,NA,JL.DUNGUSCARIANG RT.06/04,SEMBAKO,NA,1994
419,NA,NA,JL.DUNGUSCARIANG RT.06/04,SEMBAKO,NA,2000
420,NA,NA,JL.DUNGUSCARIANG RT.04/05,SEMBAKO,NA,2001
421,NA,NA,JL.DUNGUSCARIANG RT.04/05,SEMBAKO,NA,1983
422,NA,NA,JL.DUNGUSCARIANG RT.07/05,SEMBAKO,NA,2013
423,NA,NA,JL.DUNGUSCARIANG RT.07/05,SEMBAKO,NA,2013
424,NA,NA,JL.DUNGUSCARIANG RT.08/05,SEMBAKO,NA,1992
425,NA,NA,JL.DUNGUSCARIANG RT.06/05,SEMBAKO,NA,1990
426,NA,NA,JL.DUNGUSCARIANG RT.06/05,SEMBAKO,NA,1980
427,NA,NA,JL.DUNGUSCARIANG RT.05/05,SEMBAKO,NA,2000
428,NA,NA,JL.DUNGUSCARIANG RT.05/05,SEMBAKO,NA,1995
429,NA,NA,JL.DUNGUSCARIANG RT.03/05,SEMBAKO,NA,1998
430,NA,NA,JL.DUNGUSCARIANG RT.03/05,SEMBAKO,NA,1992
431,NA,NA,JL.DUNGUSCARIANG RT.03/05,SEMBAKO,NA,1990
432,NA,NA,GG.BARNAS RT06/RW.06,ISI ULANG AIR,NA,2000
433,TOKO BESI,NA,GG.BARNAS RT06/RW.06,TOKO BESI,1 ORANG,2010
434,NA,NA,GG.BARNAS RT03/RW.06,SEMBAKO,NA,1996
435,NA,NA,GG.BARNAS RT03/RW.06,TOKO BHN MATERIAL,4 ORANG,1995
436,NA,NA,GG.BARNAS RT02/RW.06,SEPATU,NA,2000
437,NA,NA,GG.BARNAS RT03/RW.06,SEMBAKO,NA,2012
438,NA,NA,GG.BARNAS RT05/RW.06,SEMBAKO,NA,1997
439,NA,NA,GG.BARNAS RT04/RW.06,SEMBAKO,NA,2000
440,NA,NA,JL.DUNGUSCARIANG RT01/RW07,SEMBAKO,NA,1997
441,NA,NA,JL.DUNGUSCARIANG RT01/RW07,OBAT-OBAYAN,NA,2000
442,NA,NA,JL.DUNGUSCARIANG RT03/RW07,SEMBAKO,NA,2011
443,NA,NA,JL.DUNGUSCARIANG RT03/RW07,SEMBAKO,NA,1995
444,NA,NA,JL.DUNGUSCARIANG RT04/RW07,SEMBAKO,NA,2000
445,NA,NA,JL.DUNGUSCARIANG RT01/RW07,SEMBAKO,NA,2012
446,NA,NA,JL.DUNGUSCARIANG RT04/RW07,COUNTER PULSA,NA,1990
447,NA,NA,JL.DUNGUSCARIANG RT05/RW07,KELONTONGAN,NA,2000
448,NA,NA,JL.DUNGUSCARIANG RT05/RW07,KELONTONGAN,NA,2010
449,NA,NA,JL.DUNGUSCARIANG RT05/RW07,KELONTONGAN,NA,1996
450,NA,NA,JL.DUNGUSCARIANG RT05/RW07,KELONTONGAN,NA,1995
451,NA,NA,JL.DUNGUSCARIANG RT06/RW07,TOKO ALAT LISTRIK,NA,1995
452,NA,NA,JL.DUNGUSCARIANG RT06/RW07,KELONTONGAN,NA,2000
453,NA,NA,JL.DUNGUSCARIANG RT06/RW07,GAS ELPIJI,NA,2012
454,NA,NA,JL.DUNGUSCARIANG RT09/RW07,KELONTONGAN,NA,1990
455,NA,NA,JL.DUNGUSCARIANG RT09/RW07,KELONTONGAN,NA,2000
456,NA,NA,JL.DUNGUSCARIANG RT09/RW07,KELONTONGAN,NA,2010
457,NA,NA,JL.DUNGUSCARIANG RT09/RW07,KELONTONGAN,NA,1995
458,NA,NA,JL.ANDIR NO.5 RT.02/08,SEMBAKO,NA,2000
459,NA,NA,JL.ANDIR NO.5 RT.08/08,SEMBAKO,NA,2012
460,NA,NA,JL.ANDIR NO.5 RT.04/08,SEMBAKO,NA,1990
461,NA,NA,JL.ANDIR NO.5 RT.04/08,SEMBAKO,NA,2000
462,NA,NA,JL.ANDIR NO.5 RT.08/08,SEMBAKO,NA,2010
463,NA,NA,JL.ANDIR NO.5 RT.07/08,KELONTONGAN,NA,1998
464,NA,NA,JL.ANDIR NO.5 RT.07/08,KELONTONGAN,NA,1995
465,NA,NA,JL.ANDIR NO.5 RT.06/08,KELONTONGAN,NA,2000
466,NA,NA,JL.ANDIR NO.5 RT.076/08,KELONTONGAN,NA,2012
467,NA,NA,JL.ANDIR NO.5 RT.073/08,KELONTONGAN,NA,2001
468,NA,NA,JL.ANDIR NO.5 RT.03/08,KELONTONGAN,NA,1990
469,NA,NA,JL.ANDIR NO.5 RT.03/08,KELONTONGAN,NA,2000
470,NA,NA,JL.ANDIR NO.5 RT.07/08,KELONTONGAN,NA,2010
471,NA,NA,JL.RAJAWALI TIMUR  RT.02/RW09,SEMBAKO,NA,2010
472,NA,NA,JL.RAJAWALI TIMUR  RT.02/RW09,SEMBAKO,NA,2012
473,NA,NA,JL.RAJAWALI TIMUR  RT.02/RW09,SEMBAKO,NA,1998
474,NA,NA,JL.RAJAWALI TIMUR  RT03/RW09,SEMBAKO,NA,2000
475,NA,NA,JL.RAJAWALI TIMUR RT.03/RW09,SEMBAKO,NA,2013
476,NA,NA,JL.RAJAWALI TIMUR RT.03/RW09,SEMBAKO,NA,1983
477,NA,NA,JL.RAJAWALI TIMUR RT.03/RW09,SNACK,NA,2013
478,NA,NA,JL.RAJAWALI TIMUR  RT.02/RW09,SEMBAKO,NA,2013
479,NA,NA,JL. ANDIR RT02/RW10,SEMBAKO,NA,1992
480,SINAR BAHAGIA,NA,JL. ANDIR RT01/RW10,SEMBAKO,1.0RANG,1990
481,NA,NA,JL. ANDIR RT05/RW10,TOKO BESI & BANGUNAN,NA,1980
482,NA,NA,JL. ANDIR RT02/RW10,SEMBAKO,NA,2000
483,NA,NA,JL. ANDIR RT01/RW10,SEMBAKO,NA,1995
484,NA,NA,JL. ANDIR RT02/RW10,SEMBAKO,NA,1998
485,NA,NA,JL. ANDIR RT01/RW10,SEMBAKO,NA,2000
486,NA,NA,JL. ANDIR RT05/RW10,VOUNCHER,NA,2000
487,LIBERTI,NA,JL  CIROYOM RT 95/11,ALAT TULIS DAN FOTO COPI,NA,2000
488,NA,NA,JL  CIROYOM RT 93/11,SEMBAKO,NA,2001
489,NA,NA,JL  CIROYOM RT 94/11,SEMBAKO,NA,2005
490,NA,NA,JL  CIROYOM RT 95/11,SEMBAKO,NA,1980
491,NA,NA,JL  CIROYOM RT 96/11,SEMBAKO,NA,1991
492,NA,NA,JL  CIROYOM RT 07/11,SEMBAKO,NA,1993
493,NA,NA,JL  CIROYOM RT 08/11,SEMBAKO,NA,1999
494,NA,NA,JL  CIROYOM RT 09/11,SEMBAKO,NA,2000
495,CV. CITRA NUASA,NA,JL. Rajawali Timur No 199  Dunguscariang,Perdagangan Umum dan Jasa,7 Orang,NA
496,CV. SUMBER ABADI INTI,NA,Jl. Jend Sudirman 564  Bandung Dunguscariang,Glosir Rokok,3 Orang,NA
497,CV.UNI GENERING,NA,Jl. Halteu Selatan No. 59B/77  RT. 01/ 03 Dunguscariang,Perdagangan barang dan jasa,2 orang,NA
498,PT. MESAT INDO GLOBAL,NA,JL Jend. Sudirman No 624 Kelurahan Dunguscariang,Perdangan Barang dan Jasa,3 Orang,NA
499,PT. DAM KARYA PRIMA,NA,Jl. Garuda No 39 RT. 07 RW. 03 Dunguscariang,CAFÉ,5 Orang,NA
500,PT.SURGA ENERGI NUUSANTARA,NA,Laksamana Nurtanio No 51 RT.9/2,Perdagangan Umum,8 Orang,NA
501,CV. JAYA SAKATA LAKSANA,NA,Jl. Kacau No 30 Maleber,Jasa Sfertraining Perdagangan Umum,5 Orang,NA
502,MINI MARKET YOMART,GARUDA,JL.NATUNA NO.14 Rt. 13/06,JUAL SEMBAKO &,10 ORANG,2005
503,GARMENT (HOME INDUSTRI ),NA,JL.FLAMINGO RT.05/03,GARMENT,15 ORANG,2005
504,PT.LION SUPERINDO,NA,JL.NATUNA NO.14,SUPERMARKET,30 ORANG,2009
505,CV.MAKMUR JAYA PRIMA,NA,JL.DADALI III NO.26 Rt. 05/02,MINI MARKET & PERDAGANGAN,3 ORANG,2005
506,MINI MARKET INDOMART,NA,JL.GARUDA RT.01/05,SEMBAKO & KELONTONGAN,10 ORANG,1997
507,RAJUTAN KAOS KAKI,NA,JL.TUNDUNGSARI Rt. 01/03,PRODUKSI RAJUTAN KAOS KAKI,10 ORANG,1999
508,TOKO KUE ERLANDA,NA,JL.ELANG RT.03 RW.01,TOKO KUE & PRODUKSI KUE,10 ORANG,1990
509,PT. VAS AERO INDONESIA,NA,Jl. Elang Raya  Ruko Elang No 2A  RW. 01,Penjualan dan Perbaikan Komponen Pesawat Terbang,4 Orang,NA
510,CV. LEMBAH HURIP,CIROYOM,JL. TERI No. 12,PERDAGANGAN UMUM,3  ORANG,NA
511,PD.ABADI,NA,JL. SUDIRMAN No. 502,PERDAGANGAN,2  ORANG,NA
512,CV. ANUGRAH,NA,Gg. SUKARELA,PERDAGANGAN UMUM,3  ORANG,NA
513,CV. NAD,NA,JL. ANDIR,JASA KEBERSIHAN,5  ORANG,NA
514,CV. NAD,NA,JL. ANDIR,PERDAGANGAN,3  ORANG,NA
515,CV. NAD,NA,JL. KAKAP No. 4,PEDAGANG ASIN,3  ORANG,NA
516,CV. NAD,NA,JL. KAKAP No. 6,PEDAGANG ASIN,3  ORANG,NA
517,CV. NAD,NA,JL. KAKAP No. 26,PEDAGANG ASIN,3  ORANG,NA
518,CV. NAD,NA,JL. PEPETEK,PEDAGANG ASIN,3  ORANG,NA
519,FULL JAYA,NA,JL. ANDIR BLOK E No. 4,NA,3  ORANG,NA
520,KIKI FOOD,NA,JL. KBN JUKUT,MAKANAN,5  ORANG,NA
521,CIPTA JAYA,NA,JL. KAKAP No. 30,PEDAGANG ASIN,3  ORANG,NA
522,CV. NADYA CAKRA,NA,JL. ANDIR No. 112,KONVEKSI,15  ORANG,NA
523,CV. NADYA CAKRA,NA,JL. PASAR CIROYOM,PERDAGANGAN,2  ORANG,NA
524,CV. NADYA CAKRA,NA,JL. KELENteng No. 1,RUMAH MAKAN,6  ORANG,NA
525,CV. NADYA CAKRA,NA,JL. RAJAWALI No. 4,PERDAGANGAN UMUM,3  ORANG,NA
526,CV. NADYA CAKRA,NA,RAJAWALI PLAZA,SECURITY,6  ORANG,NA
527,CV. NADYA CAKRA,NA,JL. ANDIR,LEVALANSIR,8  ORANG,NA
528,CV. NADYA CAKRA,NA,RAJAWALI PLAZA,PERDAGANGAN UMUM,3  ORANG,NA
529,PD. LARIS,NA,JL. PEPETEK No. 23,HASIL BUMI,2  ORANG,NA
530,LEA GROUP,NA,JL. SUDIRMAN No. 344,BENGKEL,5  ORANG,NA
531,CV. LOVIA,NA,JL. KBN. JATI No. 56,REFLEKSI,12  ORANG,NA
532,ASKAR BUSANA,NA,JL. WARINGIN No. 39,PAKAIAN,5  ORANG,NA
533,VIC DENIM,NA,Gg. MINYAK TANAH,KONVEKSI,7  ORANG,NA
534,CV. SAENA MASAL,NA,JL. CIROYOM,PERDAGANGAN / JASA,6  ORANG,NA
535,CV. GUANTARA,NA,Gg. SUKARELA,KONVEKSI,8  ORANG,NA
536,PD. MBFS,NA,Gg. TARUNA IV No. 336,PERDAGANGAN UMUM,5  ORANG,NA
537,PT. GATRA TEKNOLOGI,NA,RAJAWALI PLAZA,PERDAGANGAN,4  ORANG,NA
538,CV. RAKASAWAN,NA,Gg. CIROYOM,TELEKOMUNIKASI,3  ORANG,NA
539,GPKA,NA,JL. ARJUNA,PERDAGANGAN,5  ORANG,NA
540,SUKSES MANDIRI,NA,JL. ANDIR No. 112A,PERDAGANGAN UMUM,3  ORANG,NA
541,ANDIKA,NA,PSR CIROYOM 1 C,PERDAGANGAN UMUM,4  ORANG,NA
542,LEMBAGA HELMY,NA,JL. JEND. Sudirman No. 428,PENDIDIKAN,8  ORANG,NA
543,CV. MALEBER,NA,JL. JEND. Sudirman No. 428,PERDAGANGAN UMUM,3  ORANG,NA
544,CV. MANDIRI,NA,JL. JEND. Sudirman No. 428,PERDAGANGAN UMUM,3  ORANG,NA
545,MEGATAMA,NA,JL. JEND. Sudirman No. 304,JUAL BELI KENDARAAN,5  ORANG,NA
546,LEMBAH HURIP,NA,JL. TERI No. 6,DAGANG SEMBAKO,4  ORANG,NA
547,BUNG JAYA,NA,JL. ANDIR No. 117/78,PERDAGANGAN,3  ORANG,NA
548,YAYASAN SUMBER SEHAT,NA,JL. ANDIR No. 8,PENGANGKATAN,11  ORANG,NA
549,KLINIK KARYA MANDIRI,NA,JL. BUDIMAN RT. 04/02,KLINIK,2  ORANG,NA
550,TOKO FISKAN,NA,JL. ANDIR No. 32/78,ALAT RUMAH TANGGA,2  ORANG,NA
551,TOKO FISKAN,NA,JL. ANDIR SWADAYA,BAHAN BANGUNAN,5  ORANG,NA
552,YCBS,NA,JL. ANDIR,JASA,2  ORANG,NA
553,AQUANE,NA,JL. TAMAN HIJAU No. 2,NA,15  ORANG,NA
554,AQUANE,NA,JL. BUDIMAN RT. 04/02,KELONTONGAN,2  ORANG,NA
555,AQUANE,NA,JL. PEPETEK No. 25,DAGING SAPI,2  ORANG,NA
556,AQUANE,NA,JL. WARINGIN No. 31,JASA,6  ORANG,NA
557,AQUANE,NA,JL. CIROYOM IV,NA,NA,NA
558,KARYA MANDIRI,NA,RAJAWALI PLAZA,NA,4  ORANG,NA
559,PT. RA SEJAHTERA ABADI,NA,JL. Andir  No,199/70 RT 03/10 Kelurahan Ciroyom,Catering dan Perdagangan,3 Orang
560,PD. MAKMUR,NA,Jl. Andir No 14,16 18 RT 10/06 Ciroyom,Perdagangan makanan dan minuman ringan sembako,5 orang
